{
    "Apple_pie": {
      "calories": 237,
      "protein": 2.4,
      "fat": 11.1,
      "carbs": 34.6
    },
    "Falafel": {
      "calories": 333,
      "protein": 13.3,
      "fat": 17.8,
      "carbs": 31.8
    },
    "Fava_Beans": {
      "calories": 341,
      "protein": 26.1,
      "fat": 1.5,
      "carbs": 58.3
    },
    "Kibbeh": {
      "calories": 234,
      "protein": 14.5,
      "fat": 10.7,
      "carbs": 21.3
    },
    "Kunafa": {
      "calories": 428,
      "protein": 8.2,
      "fat": 22.4,
      "carbs": 49.5
    },
    "Mahashi": {
      "calories": 120,
      "protein": 4.5,
      "fat": 6.2,
      "carbs": 14.3
    },
    "Makmoura": {
      "calories": 320,
      "protein": 9.6,
      "fat": 16.5,
      "carbs": 36.8
    },
    "Mandi": {
      "calories": 460,
      "protein": 28.2,
      "fat": 18.4,
      "carbs": 50.7
    },
    "Mansaf": {
      "calories": 580,
      "protein": 35.2,
      "fat": 28.4,
      "carbs": 45.6
    },
    "Qatayef": {
      "calories": 280,
      "protein": 5.6,
      "fat": 12.3,
      "carbs": 37.9
    },
    "Rice_with_milk": {
      "calories": 150,
      "protein": 4.2,
      "fat": 3.7,
      "carbs": 25.4
    },
    "Shawarma": {
      "calories": 290,
      "protein": 20.3,
      "fat": 15.8,
      "carbs": 22.5
    },
    "Shishabark": {
      "calories": 340,
      "protein": 12.8,
      "fat": 18.2,
      "carbs": 29.5
    },
    "Kebab": {
      "calories": 250,
      "protein": 21.6,
      "fat": 15.3,
      "carbs": 5.2
    },
    "Koshari": {
      "calories": 360,
      "protein": 10.2,
      "fat": 8.4,
      "carbs": 59.3
    },
    "Mojadra": {
      "calories": 320,
      "protein": 14.8,
      "fat": 8.1,
      "carbs": 50.7
    },
    "Muskhan": {
      "calories": 450,
      "protein": 22.6,
      "fat": 20.3,
      "carbs": 40.8
    },
    "Pastries": {
      "calories": 310,
      "protein": 7.2,
      "fat": 18.4,
      "carbs": 32.9
    },
    "Plate_of_meat": {
      "calories": 290,
      "protein": 29.1,
      "fat": 18.5,
      "carbs": 0
    },
    "Samosa": {
      "calories": 280,
      "protein": 6.3,
      "fat": 17.2,
      "carbs": 24.6
    }
  }
  